zipcode,month,avg_hours
00000,1,26.76
00000,6,71.48
00000,7,18.6
00083,4,18.47
00083,7,1.83
00083,10,0.62
00083,11,0.48
00083,12,0.37
02062,1,735.91
02062,8,788.23
02062,11,725.29
02184,4,743.39
06468,4,1683.83
07002,10,74.03
07078,6,735.43
07080,10,933.97
07083,3,734.12
07110,3,18.78
07470,10,733.59
07660,4,356.77
07660,8,59.8
07662,3,915.79
07728,3,11.77
08050,6,1370.18
08332,5,733.04
08527,6,755.99
08690,7,1045.75
10000,1,622.18
10000,2,354.88
10000,3,488.86
10000,4,165.24
10000,5,548.43
10000,6,504.06
10000,7,341.84
10000,8,390.5
10000,9,393.68
10000,10,648.04
10000,11,1127.49
10000,12,1590.62
10001,1,385.86
10001,2,427.17
10001,3,411.8
10001,4,965.5
10001,5,508.43
10001,6,541.83
10001,7,339.62
10001,8,398.12
10001,9,304.27
10001,10,298.4
10001,11,202.5
10001,12,333.01
10002,1,344.93
10002,2,300.3
10002,3,223.28
10002,4,605.44
10002,5,303.61
10002,6,373.66
10002,7,241.75
10002,8,362.47
10002,9,208.45
10002,10,196.86
10002,11,252.48
10002,12,358.68
10003,1,201.32
10003,2,455.47
10003,3,534.8
10003,4,546.04
10003,5,608.14
10003,6,806.29
10003,7,428.03
10003,8,360.98
10003,9,296.72
10003,10,304.94
10003,11,428.59
10003,12,395.12
10004,1,186.41
10004,2,189.99
10004,3,72.33
10004,4,1064.85
10004,5,134.4
10004,6,102.21
10004,7,103.96
10004,8,129.76
10004,9,66.82
10004,10,97.75
10004,11,58.36
10004,12,52.9
10005,1,238.0
10005,2,138.64
10005,3,209.43
10005,4,958.26
10005,5,222.85
10005,6,215.2
10005,7,89.47
10005,8,324.78
10005,9,144.67
10005,10,211.16
10005,11,234.73
10005,12,110.64
10006,1,99.09
10006,2,104.17
10006,3,137.61
10006,4,178.63
10006,5,216.64
10006,6,133.23
10006,7,26.29
10006,8,142.59
10006,9,66.91
10006,10,69.17
10006,11,133.58
10006,12,253.83
10007,1,236.63
10007,2,152.77
10007,3,274.05
10007,4,662.11
10007,5,239.84
10007,6,213.45
10007,7,212.75
10007,8,146.94
10007,9,188.87
10007,10,135.93
10007,11,87.42
10007,12,197.95
10009,1,333.4
10009,2,278.67
10009,3,788.78
10009,4,440.1
10009,5,420.33
10009,6,431.26
10009,7,336.74
10009,8,275.57
10009,9,222.5
10009,10,254.66
10009,11,352.43
10009,12,391.95
10010,1,481.94
10010,2,460.7
10010,3,379.22
10010,4,640.48
10010,5,494.44
10010,6,575.74
10010,7,425.35
10010,8,347.38
10010,9,307.18
10010,10,274.81
10010,11,282.14
10010,12,432.78
10011,1,451.55
10011,2,372.19
10011,3,431.36
10011,4,436.29
10011,5,492.3
10011,6,325.57
10011,7,311.34
10011,8,291.5
10011,9,288.2
10011,10,302.57
10011,11,346.58
10011,12,251.76
10012,1,287.56
10012,2,284.0
10012,3,329.05
10012,4,538.24
10012,5,514.44
10012,6,584.59
10012,7,419.22
10012,8,333.57
10012,9,235.76
10012,10,214.91
10012,11,213.5
10012,12,225.97
10013,1,381.94
10013,2,375.0
10013,3,227.6
10013,4,838.64
10013,5,315.62
10013,6,634.32
10013,7,325.59
10013,8,322.41
10013,9,143.11
10013,10,161.33
10013,11,198.09
10013,12,295.83
10014,1,358.2
10014,2,327.65
10014,3,312.1
10014,4,782.12
10014,5,353.57
10014,6,519.15
10014,7,351.8
10014,8,307.74
10014,9,202.28
10014,10,221.63
10014,11,282.2
10014,12,205.05
10016,1,364.97
10016,2,415.69
10016,3,384.24
10016,4,507.67
10016,5,487.79
10016,6,571.4
10016,7,275.69
10016,8,405.9
10016,9,448.59
10016,10,345.82
10016,11,663.46
10016,12,884.8
10017,1,390.18
10017,2,511.19
10017,3,475.91
10017,4,426.85
10017,5,498.37
10017,6,489.76
10017,7,368.99
10017,8,474.42
10017,9,258.57
10017,10,263.48
10017,11,268.46
10017,12,357.44
10018,1,395.96
10018,2,251.12
10018,3,346.75
10018,4,2061.75
10018,5,427.78
10018,6,398.3
10018,7,462.33
10018,8,202.83
10018,9,225.95
10018,10,226.08
10018,11,337.45
10018,12,308.8
10019,1,463.09
10019,2,501.27
10019,3,441.01
10019,4,611.99
10019,5,525.81
10019,6,509.52
10019,7,431.61
10019,8,422.71
10019,9,238.73
10019,10,238.05
10019,11,273.65
10019,12,330.62
10020,1,1397.67
10020,2,719.22
10020,3,1387.91
10020,4,2583.39
10020,5,1695.75
10020,6,1492.04
10020,7,404.45
10020,8,1217.9
10020,9,869.99
10020,10,626.43
10020,11,151.26
10020,12,193.25
10021,1,533.76
10021,2,309.29
10021,3,703.3
10021,4,533.0
10021,5,816.51
10021,6,759.07
10021,7,385.86
10021,8,386.32
10021,9,521.12
10021,10,533.56
10021,11,374.08
10021,12,419.0
10022,1,405.26
10022,2,530.34
10022,3,556.4
10022,4,637.94
10022,5,539.7
10022,6,682.21
10022,7,601.11
10022,8,481.01
10022,9,384.69
10022,10,333.36
10022,11,388.2
10022,12,491.56
10023,1,542.68
10023,2,596.55
10023,3,352.59
10023,4,360.5
10023,5,644.53
10023,6,664.52
10023,7,367.36
10023,8,571.58
10023,9,363.05
10023,10,809.79
10023,11,1709.73
10023,12,1886.41
10024,1,456.05
10024,2,358.49
10024,3,359.41
10024,4,453.67
10024,5,571.63
10024,6,419.84
10024,7,391.09
10024,8,330.07
10024,9,197.85
10024,10,238.78
10024,11,261.06
10024,12,309.57
10025,1,792.01
10025,2,739.35
10025,3,744.66
10025,4,707.5
10025,5,632.06
10025,6,583.22
10025,7,532.16
10025,8,411.93
10025,9,264.77
10025,10,239.03
10025,11,337.49
10025,12,450.32
10026,1,365.71
10026,2,283.57
10026,3,387.04
10026,4,533.54
10026,5,322.45
10026,6,284.26
10026,7,271.64
10026,8,256.98
10026,9,175.23
10026,10,184.38
10026,11,293.75
10026,12,376.75
10027,1,368.87
10027,2,283.78
10027,3,539.58
10027,4,605.42
10027,5,487.75
10027,6,459.54
10027,7,300.44
10027,8,295.26
10027,9,186.16
10027,10,259.92
10027,11,279.88
10027,12,375.51
10028,1,926.48
10028,2,461.46
10028,3,547.35
10028,4,864.4
10028,5,707.12
10028,6,480.36
10028,7,357.91
10028,8,391.04
10028,9,314.32
10028,10,231.04
10028,11,353.7
10028,12,404.15
10029,1,394.04
10029,2,330.82
10029,3,280.8
10029,4,360.77
10029,5,273.71
10029,6,208.91
10029,7,160.15
10029,8,193.5
10029,9,169.34
10029,10,209.56
10029,11,255.62
10029,12,395.62
10030,1,356.82
10030,2,268.49
10030,3,457.83
10030,4,321.64
10030,5,564.55
10030,6,257.55
10030,7,201.22
10030,8,203.37
10030,9,171.34
10030,10,218.26
10030,11,252.72
10030,12,323.85
10031,1,311.77
10031,2,280.67
10031,3,559.72
10031,4,511.73
10031,5,471.09
10031,6,202.09
10031,7,205.59
10031,8,184.62
10031,9,142.56
10031,10,149.43
10031,11,250.12
10031,12,323.45
10032,1,357.1
10032,2,261.3
10032,3,281.07
10032,4,384.32
10032,5,279.13
10032,6,232.89
10032,7,389.47
10032,8,181.47
10032,9,162.93
10032,10,266.65
10032,11,294.27
10032,12,354.05
10033,1,289.83
10033,2,286.4
10033,3,267.53
10033,4,335.71
10033,5,257.73
10033,6,206.5
10033,7,327.98
10033,8,179.18
10033,9,157.39
10033,10,173.06
10033,11,207.04
10033,12,282.67
10034,1,303.1
10034,2,187.17
10034,3,450.6
10034,4,375.61
10034,5,190.46
10034,6,118.56
10034,7,129.54
10034,8,146.45
10034,9,110.52
10034,10,117.84
10034,11,232.34
10034,12,251.95
10035,1,361.13
10035,2,421.75
10035,3,671.8
10035,4,806.91
10035,5,237.98
10035,6,279.83
10035,7,249.14
10035,8,223.33
10035,9,173.42
10035,10,215.4
10035,11,401.58
10035,12,408.65
10036,1,349.92
10036,2,413.78
10036,3,445.27
10036,4,881.71
10036,5,482.22
10036,6,567.75
10036,7,533.16
10036,8,327.13
10036,9,240.03
10036,10,296.28
10036,11,493.03
10036,12,487.89
10037,1,455.88
10037,2,276.84
10037,3,265.86
10037,4,666.29
10037,5,233.53
10037,6,330.11
10037,7,386.36
10037,8,336.82
10037,9,214.0
10037,10,271.26
10037,11,467.39
10037,12,528.24
10038,1,330.76
10038,2,174.44
10038,3,430.86
10038,4,1068.32
10038,5,415.84
10038,6,287.06
10038,7,210.17
10038,8,331.46
10038,9,202.42
10038,10,175.54
10038,11,188.22
10038,12,224.43
10039,1,297.39
10039,2,319.89
10039,3,636.57
10039,4,276.52
10039,5,342.2
10039,6,303.25
10039,7,319.16
10039,8,233.17
10039,9,187.4
10039,10,210.1
10039,11,250.19
10039,12,394.07
10040,1,261.32
10040,2,237.85
10040,3,206.9
10040,4,397.8
10040,5,223.22
10040,6,136.04
10040,7,185.06
10040,8,134.63
10040,9,99.04
10040,10,143.94
10040,11,312.83
10040,12,364.28
10041,1,189.22
10041,2,154.83
10041,3,23.24
10041,4,124.73
10041,5,279.11
10041,6,1382.05
10041,7,214.83
10041,8,11.95
10041,9,8.46
10041,10,196.96
10041,11,0.62
10041,12,14.83
10044,1,142.18
10044,2,178.03
10044,3,365.49
10044,4,246.19
10044,5,275.8
10044,6,286.63
10044,7,218.44
10044,8,323.13
10044,9,321.08
10044,10,368.14
10044,11,736.27
10044,12,1336.23
10045,1,0.27
10045,2,0.46
10045,3,47.54
10045,4,1265.7
10045,5,0.82
10045,6,18.65
10045,7,49.06
10045,8,194.89
10045,9,1.16
10045,11,1.56
10045,12,654.24
10048,2,1.07
10048,3,1171.22
10048,5,716.35
10048,6,21.77
10048,7,62.47
10048,9,1.65
10048,11,3.17
10048,12,1.65
10055,3,13.45
10055,5,0.0
10055,7,149.2
10055,12,4.47
10065,1,465.88
10065,2,463.32
10065,3,421.93
10065,4,502.15
10065,5,586.53
10065,6,539.42
10065,7,350.81
10065,8,303.93
10065,9,290.76
10065,10,194.81
10065,11,335.17
10065,12,449.26
10069,1,366.25
10069,2,89.3
10069,3,164.51
10069,4,129.6
10069,5,126.79
10069,6,131.17
10069,7,371.2
10069,8,211.22
10069,9,105.26
10069,10,47.35
10069,11,145.04
10069,12,162.71
10075,1,308.23
10075,2,347.37
10075,3,963.46
10075,4,557.98
10075,5,516.25
10075,6,552.39
10075,7,246.34
10075,8,330.71
10075,9,424.98
10075,10,362.08
10075,11,269.33
10075,12,372.7
10080,7,1.4
10080,8,1.28
10080,9,1.97
10103,1,1372.84
10103,2,2672.49
10103,3,4181.86
10103,4,4413.13
10103,5,2358.06
10103,6,3611.86
10103,7,2859.3
10103,8,1369.98
10103,9,545.5
10103,10,549.95
10103,11,644.4
10103,12,3519.31
10105,1,1321.96
10105,2,468.12
10105,3,594.04
10105,4,819.21
10105,5,701.14
10105,6,2254.03
10105,7,929.96
10105,8,139.42
10105,9,932.57
10105,10,963.86
10105,11,1476.88
10105,12,713.6
10106,1,0.73
10106,2,0.48
10106,3,1104.52
10106,4,7.56
10106,5,144.09
10106,6,28.38
10106,7,92.48
10106,9,310.74
10106,11,250.2
10106,12,562.84
10107,1,421.87
10107,2,1.12
10107,3,0.79
10107,4,5.7
10107,6,104.8
10107,7,20.02
10107,8,2.9
10107,9,33.9
10107,10,5.48
10107,11,0.07
10110,2,451.05
10110,3,0.3
10110,4,28.51
10110,5,1.07
10110,6,1.05
10110,7,1.56
10110,8,1.44
10110,9,5.0
10110,10,198.32
10110,11,1140.49
10110,12,1.88
10111,1,0.29
10111,2,0.48
10111,3,911.67
10111,5,513.1
10111,7,50.76
10111,8,1268.88
10111,9,332.62
10111,10,18.41
10111,11,754.83
10111,12,1912.11
10112,1,0.0
10112,2,732.75
10112,3,971.02
10112,4,101.74
10112,5,1174.76
10112,6,1674.25
10112,7,1433.42
10112,8,1.29
10112,9,451.13
10112,10,2521.4
10112,11,522.25
10112,12,28.94
10115,2,0.37
10115,3,142.9
10115,4,257.49
10115,5,0.48
10115,6,0.46
10115,7,1111.12
10115,8,25.28
10115,9,1.12
10115,11,9.62
10115,12,23.58
10118,1,0.2
10118,2,12.89
10118,3,945.26
10118,4,1221.47
10118,5,11.0
10118,6,6.48
10118,7,685.62
10118,8,171.07
10118,9,1.22
10118,10,2.33
10118,11,331.98
10118,12,20.58
10119,1,1198.17
10119,2,1331.25
10119,3,1979.14
10119,4,2322.6
10119,5,1074.09
10119,6,2138.22
10119,7,235.39
10119,8,1843.72
10119,9,372.68
10119,10,7.99
10119,11,706.85
10119,12,48.84
10120,1,17.69
10120,2,0.83
10120,3,0.35
10120,4,3.16
10120,5,198.41
10120,6,0.78
10120,7,0.74
10120,8,0.71
10120,9,195.82
10120,10,1.03
10120,11,11.89
10120,12,161.29
10121,1,705.12
10121,2,1032.68
10121,3,940.11
10121,4,912.82
10121,5,1000.46
10121,6,1225.02
10121,7,922.16
10121,8,1105.85
10121,9,549.08
10121,10,871.28
10121,11,748.89
10121,12,458.19
10122,2,0.28
10122,5,730.06
10123,1,2299.06
10123,2,120.58
10123,3,3.18
10123,4,8040.77
10123,5,519.37
10123,6,921.84
10123,7,21.41
10123,8,1.58
10123,9,1.37
10123,10,7.77
10123,11,1007.19
10123,12,10.56
10128,1,354.25
10128,2,316.13
10128,3,282.66
10128,4,596.88
10128,5,480.06
10128,6,440.92
10128,7,272.92
10128,8,280.35
10128,9,212.89
10128,10,241.63
10128,11,306.81
10128,12,389.85
10151,1,34.01
10151,2,7791.89
10151,3,7187.5
10151,4,6544.85
10151,5,3863.77
10151,6,1406.26
10151,7,0.87
10151,8,1.81
10151,9,8.72
10151,10,1030.78
10151,11,2001.55
10151,12,70.25
10152,2,0.51
10152,3,843.23
10152,5,1.59
10152,7,1.29
10152,8,22.04
10152,9,1839.71
10152,12,628.9
10153,1,984.18
10153,2,5485.08
10153,3,5818.06
10153,4,6045.74
10153,5,5108.98
10153,6,3265.77
10153,7,2156.52
10153,8,2634.57
10153,9,1855.46
10153,10,1493.27
10153,11,1237.8
10153,12,1073.97
10154,1,0.6
10154,3,15.83
10154,4,1.67
10154,5,11.86
10154,7,11.01
10154,8,4.47
10154,9,18.18
10154,10,5.48
10154,11,3356.62
10154,12,1.62
10155,1,24.96
10155,7,1633.71
10155,9,0.36
10155,10,541.82
10158,3,0.19
10158,4,0.26
10158,5,0.34
10158,6,0.31
10158,7,0.25
10158,8,0.27
10158,9,0.14
10158,10,0.62
10158,11,199.96
10158,12,669.95
10162,1,0.51
10162,2,38.41
10162,4,35.02
10162,5,1073.93
10162,6,2682.46
10162,7,79.5
10162,8,0.0
10162,9,30.83
10162,10,15.41
10162,11,97.92
10162,12,3.3
10165,1,20.31
10165,2,7.28
10165,3,2.45
10165,5,3639.2
10165,6,2185.72
10165,7,1418.03
10165,8,7.38
10165,9,0.65
10165,10,0.0
10165,12,692.74
10166,1,6.28
10166,2,0.51
10166,6,51.03
10166,7,8.11
10166,9,1.59
10167,1,1660.13
10167,2,1.63
10167,3,20.45
10167,4,0.54
10167,5,2.94
10167,7,11.01
10167,8,0.05
10167,9,54.86
10167,10,1.49
10167,12,0.85
10168,1,97.0
10168,2,0.69
10168,3,582.87
10168,4,1884.73
10168,5,53.27
10168,6,619.82
10168,7,548.74
10168,8,971.83
10168,9,196.22
10168,10,229.18
10168,11,7.56
10168,12,287.2
10169,1,176.55
10169,2,37.14
10169,3,34.3
10169,4,4.4
10169,5,35.54
10169,6,36.36
10169,7,55.06
10169,8,89.17
10169,9,201.26
10169,10,271.86
10169,11,320.51
10169,12,26.15
10170,1,51.23
10170,3,3.87
10170,4,12.87
10170,5,46.01
10170,7,550.64
10170,8,2.01
10170,9,0.29
10170,10,695.15
10170,11,35.56
10170,12,1.82
10171,2,1246.4
10171,3,31.81
10171,8,1858.82
10171,9,1.13
10171,10,312.5
10171,11,1.67
10171,12,1.2
10172,1,0.72
10172,2,21.43
10172,3,40.24
10172,4,0.0
10172,5,2447.4
10172,6,1.78
10172,7,454.47
10172,8,746.91
10172,9,587.55
10172,10,2809.73
10172,11,111.3
10172,12,0.94
10173,1,1328.93
10173,2,0.4
10173,4,0.46
10173,5,4395.45
10173,6,5.37
10173,7,132.62
10173,8,63.37
10173,9,1016.6
10173,10,4.72
10173,12,0.65
10174,2,1.51
10174,3,0.71
10174,4,0.23
10174,5,0.28
10174,6,1.06
10174,7,30.7
10174,8,1189.72
10174,9,196.38
10174,10,0.85
10174,11,96.14
10174,12,1.85
10175,3,1.06
10175,4,0.94
10175,5,906.59
10175,6,2062.12
10175,7,1.03
10175,9,1.43
10175,10,1.78
10175,11,2.0
10175,12,0.55
10176,2,296.0
10176,3,20.0
10176,4,0.17
10176,6,0.81
10176,7,0.68
10176,8,4.31
10176,9,0.99
10176,10,3.54
10176,11,6.91
10176,12,3.79
10177,4,3.99
10177,6,1169.01
10177,10,46.71
10177,11,34.03
10178,1,33.74
10178,2,35.99
10178,3,149.4
10178,4,0.24
10178,6,0.9
10178,7,785.7
10178,8,624.68
10178,9,1.79
10178,10,3.28
10178,11,384.07
10178,12,728.12
10179,1,21.09
10179,2,15.65
10179,4,105.64
10179,6,0.89
10179,7,17.67
10179,11,83.26
10271,1,1.6
10271,2,1.54
10271,3,1.46
10271,4,248.41
10271,5,1.27
10271,6,1.46
10271,7,1.55
10271,8,0.93
10271,9,23.72
10271,10,781.5
10271,11,144.94
10271,12,0.81
10278,1,318.41
10278,2,7.67
10278,3,50.4
10278,4,8.45
10278,5,0.58
10278,6,44.56
10278,7,7.58
10278,8,29.71
10278,9,589.86
10278,10,6.07
10278,11,0.48
10278,12,15.11
10279,1,319.64
10279,2,98.42
10279,3,100.88
10279,4,206.77
10279,5,1.03
10279,6,2193.58
10279,7,0.67
10279,8,72.4
10279,9,17.03
10279,10,160.49
10279,11,47.51
10279,12,0.52
10280,1,299.63
10280,2,505.34
10280,3,381.63
10280,4,182.93
10280,5,204.18
10280,6,413.37
10280,7,109.05
10280,8,515.58
10280,9,382.95
10280,10,759.72
10280,11,1190.72
10280,12,1989.53
10281,2,120.47
10281,3,88.49
10281,4,209.45
10281,5,643.87
10281,6,534.49
10281,7,114.11
10281,8,247.88
10281,9,18.79
10281,10,20.69
10281,11,18.49
10281,12,263.31
10282,1,78.92
10282,2,132.96
10282,3,170.37
10282,4,109.21
10282,5,174.05
10282,6,166.36
10282,7,236.58
10282,8,135.41
10282,9,78.56
10282,10,111.54
10282,11,128.32
10282,12,216.3
10301,1,346.43
10301,2,251.27
10301,3,313.53
10301,4,445.81
10301,5,297.66
10301,6,344.6
10301,7,295.03
10301,8,303.88
10301,9,237.43
10301,10,207.95
10301,11,175.79
10301,12,172.9
10302,1,377.16
10302,2,286.22
10302,3,414.93
10302,4,415.81
10302,5,330.0
10302,6,511.57
10302,7,323.91
10302,8,340.72
10302,9,367.82
10302,10,168.92
10302,11,277.47
10302,12,172.07
10303,1,701.87
10303,2,365.84
10303,3,355.04
10303,4,219.46
10303,5,278.08
10303,6,368.36
10303,7,265.77
10303,8,292.59
10303,9,329.98
10303,10,222.37
10303,11,167.17
10303,12,194.5
10304,1,281.04
10304,2,274.84
10304,3,293.78
10304,4,355.35
10304,5,399.85
10304,6,388.37
10304,7,302.89
10304,8,339.36
10304,9,220.95
10304,10,197.55
10304,11,218.86
10304,12,155.83
10305,1,273.23
10305,2,228.4
10305,3,265.48
10305,4,307.44
10305,5,338.9
10305,6,337.19
10305,7,286.56
10305,8,317.16
10305,9,330.99
10305,10,222.11
10305,11,206.3
10305,12,152.87
10306,1,421.58
10306,2,518.65
10306,3,404.78
10306,4,566.4
10306,5,673.95
10306,6,566.6
10306,7,392.77
10306,8,394.48
10306,9,432.67
10306,10,445.89
10306,11,302.62
10306,12,211.67
10307,1,312.66
10307,2,445.03
10307,3,411.09
10307,4,343.75
10307,5,538.83
10307,6,381.44
10307,7,438.56
10307,8,275.81
10307,9,364.09
10307,10,192.41
10307,11,202.0
10307,12,90.46
10308,1,651.47
10308,2,403.56
10308,3,295.87
10308,4,558.27
10308,5,636.55
10308,6,461.53
10308,7,482.49
10308,8,506.02
10308,9,535.06
10308,10,379.82
10308,11,331.72
10308,12,149.03
10309,1,267.41
10309,2,539.32
10309,3,202.27
10309,4,319.89
10309,5,360.07
10309,6,207.85
10309,7,227.21
10309,8,200.57
10309,9,305.74
10309,10,142.99
10309,11,199.68
10309,12,88.01
10310,1,200.17
10310,2,508.99
10310,3,333.01
10310,4,557.62
10310,5,464.91
10310,6,388.64
10310,7,329.53
10310,8,517.84
10310,9,249.36
10310,10,180.86
10310,11,185.58
10310,12,170.1
10312,1,444.7
10312,2,551.16
10312,3,451.59
10312,4,578.17
10312,5,493.08
10312,6,441.84
10312,7,327.21
10312,8,354.05
10312,9,318.38
10312,10,267.47
10312,11,206.49
10312,12,138.68
10314,1,378.5
10314,2,535.09
10314,3,271.52
10314,4,576.65
10314,5,497.31
10314,6,423.65
10314,7,431.65
10314,8,397.29
10314,9,340.09
10314,10,284.42
10314,11,344.84
10314,12,229.87
10400,12,9.57
10451,1,327.82
10451,2,261.62
10451,3,256.54
10451,4,559.99
10451,5,456.91
10451,6,248.92
10451,7,305.29
10451,8,228.05
10451,9,176.35
10451,10,285.89
10451,11,285.34
10451,12,274.72
10452,1,293.61
10452,2,448.25
10452,3,223.28
10452,4,259.93
10452,5,213.32
10452,6,173.69
10452,7,158.13
10452,8,245.92
10452,9,162.76
10452,10,155.36
10452,11,225.89
10452,12,225.52
10453,1,291.33
10453,2,305.16
10453,3,269.87
10453,4,255.96
10453,5,195.17
10453,6,189.42
10453,7,207.88
10453,8,209.03
10453,9,164.99
10453,10,171.69
10453,11,279.32
10453,12,240.95
10454,1,332.31
10454,2,303.41
10454,3,256.26
10454,4,1481.41
10454,5,231.68
10454,6,315.74
10454,7,180.41
10454,8,182.99
10454,9,180.65
10454,10,200.49
10454,11,221.93
10454,12,270.69
10455,1,244.08
10455,2,315.14
10455,3,267.25
10455,4,668.32
10455,5,337.39
10455,6,275.37
10455,7,192.43
10455,8,182.67
10455,9,175.79
10455,10,199.6
10455,11,263.5
10455,12,250.01
10456,1,273.37
10456,2,238.2
10456,3,202.16
10456,4,205.72
10456,5,164.79
10456,6,170.75
10456,7,191.55
10456,8,201.45
10456,9,152.49
10456,10,188.43
10456,11,213.78
10456,12,213.89
10457,1,244.84
10457,2,223.59
10457,3,213.88
10457,4,228.92
10457,5,185.2
10457,6,163.34
10457,7,200.0
10457,8,180.37
10457,9,165.0
10457,10,169.07
10457,11,194.56
10457,12,247.76
10458,1,313.09
10458,2,228.14
10458,3,213.35
10458,4,246.71
10458,5,235.02
10458,6,203.42
10458,7,189.31
10458,8,215.72
10458,9,170.02
10458,10,178.58
10458,11,260.93
10458,12,242.89
10459,1,291.39
10459,2,313.28
10459,3,302.66
10459,4,335.74
10459,5,267.18
10459,6,244.54
10459,7,203.14
10459,8,256.72
10459,9,179.34
10459,10,222.7
10459,11,286.02
10459,12,277.0
10460,1,297.89
10460,2,278.91
10460,3,254.77
10460,4,240.52
10460,5,214.82
10460,6,189.28
10460,7,216.79
10460,8,184.91
10460,9,159.08
10460,10,190.25
10460,11,240.88
10460,12,257.46
10461,1,167.08
10461,2,110.22
10461,3,230.39
10461,4,218.39
10461,5,259.5
10461,6,277.94
10461,7,288.56
10461,8,487.22
10461,9,214.43
10461,10,167.15
10461,11,189.62
10461,12,202.41
10462,1,208.6
10462,2,215.68
10462,3,175.13
10462,4,199.52
10462,5,227.05
10462,6,217.14
10462,7,291.51
10462,8,246.69
10462,9,236.04
10462,10,167.59
10462,11,204.32
10462,12,227.67
10463,1,204.1
10463,2,158.94
10463,3,205.66
10463,4,176.43
10463,5,225.47
10463,6,247.18
10463,7,250.7
10463,8,196.99
10463,9,152.94
10463,10,156.01
10463,11,148.85
10463,12,177.75
10464,1,120.57
10464,2,200.2
10464,3,282.13
10464,4,1213.51
10464,5,238.0
10464,6,190.14
10464,7,260.15
10464,8,315.0
10464,9,240.25
10464,10,407.55
10464,11,313.95
10464,12,285.71
10465,1,135.9
10465,2,223.21
10465,3,144.59
10465,4,242.62
10465,5,251.78
10465,6,198.99
10465,7,214.37
10465,8,230.6
10465,9,211.88
10465,10,176.12
10465,11,183.13
10465,12,165.78
10466,1,173.47
10466,2,168.15
10466,3,158.73
10466,4,218.31
10466,5,200.58
10466,6,120.59
10466,7,132.66
10466,8,123.48
10466,9,22.43
10466,10,36.88
10466,11,38.3
10466,12,36.68
10467,1,219.71
10467,2,178.72
10467,3,184.97
10467,4,237.66
10467,5,204.6
10467,6,190.27
10467,7,225.88
10467,8,247.61
10467,9,164.32
10467,10,181.9
10467,11,234.48
10467,12,228.3
10468,1,251.07
10468,2,197.99
10468,3,196.43
10468,4,178.26
10468,5,175.68
10468,6,146.77
10468,7,149.09
10468,8,175.33
10468,9,155.59
10468,10,137.93
10468,11,209.03
10468,12,214.72
10469,1,217.68
10469,2,217.94
10469,3,204.62
10469,4,220.67
10469,5,265.59
10469,6,250.01
10469,7,198.37
10469,8,269.85
10469,9,247.98
10469,10,172.88
10469,11,184.68
10469,12,216.58
10470,1,143.38
10470,2,104.85
10470,3,96.68
10470,4,174.49
10470,5,115.8
10470,6,148.86
10470,7,224.95
10470,8,204.79
10470,9,167.07
10470,10,165.49
10470,11,170.65
10470,12,176.99
10471,1,199.65
10471,2,189.98
10471,3,184.32
10471,4,263.35
10471,5,279.94
10471,6,166.17
10471,7,180.51
10471,8,203.54
10471,9,193.96
10471,10,226.54
10471,11,370.39
10471,12,269.36
10472,1,234.37
10472,2,213.78
10472,3,244.52
10472,4,217.35
10472,5,232.62
10472,6,192.78
10472,7,170.94
10472,8,196.65
10472,9,182.34
10472,10,182.14
10472,11,217.73
10472,12,217.28
10473,1,292.35
10473,2,208.32
10473,3,179.15
10473,4,212.37
10473,5,204.22
10473,6,212.21
10473,7,165.72
10473,8,173.55
10473,9,134.66
10473,10,156.48
10473,11,205.43
10473,12,195.92
10474,1,290.0
10474,2,319.67
10474,3,272.45
10474,4,880.92
10474,5,240.34
10474,6,146.42
10474,7,269.89
10474,8,240.65
10474,9,146.76
10474,10,217.1
10474,11,225.6
10474,12,304.46
10475,1,224.44
10475,2,214.74
10475,3,169.91
10475,4,290.54
10475,5,228.27
10475,6,272.08
10475,7,244.2
10475,8,232.47
10475,9,170.44
10475,10,109.8
10475,11,235.02
10475,12,253.48
10502,10,1025.61
10522,1,12.15
10523,10,732.05
10550,6,774.56
10573,3,1080.74
10573,11,1616.31
10577,7,21.78
10580,11,69.04
10583,12,733.16
10601,4,851.31
10701,4,733.28
10704,10,724.37
10705,4,815.4
10710,11,756.56
10803,4,381.57
10803,9,166.08
10804,2,23.01
10956,3,713.52
10956,7,10.39
11001,1,427.08
11001,2,469.09
11001,3,301.47
11001,4,702.52
11001,5,623.46
11001,6,571.31
11001,7,786.52
11001,8,690.09
11001,9,485.2
11001,10,244.4
11001,11,518.74
11001,12,186.26
11003,5,16.6
11004,1,422.74
11004,2,414.36
11004,3,627.33
11004,4,562.64
11004,5,1001.3
11004,6,889.06
11004,7,879.06
11004,8,612.93
11004,9,568.01
11004,10,433.69
11004,11,330.52
11004,12,287.24
11005,1,2142.31
11005,2,123.56
11005,3,229.85
11005,4,17.45
11005,5,293.89
11005,6,98.7
11005,7,370.8
11005,8,1.41
11005,9,19.65
11005,10,1.38
11005,12,287.88
11010,7,786.17
11010,8,738.29
11010,10,124.77
11021,4,1.59
11021,8,72.09
11021,10,1.02
11040,1,397.17
11040,2,158.01
11040,3,96.11
11040,4,244.76
11040,5,847.7
11040,6,760.35
11040,7,923.38
11040,8,338.78
11040,9,400.92
11040,10,304.36
11040,11,56.65
11040,12,50.32
11042,11,24.98
11096,3,737.07
11101,1,218.84
11101,2,160.74
11101,3,205.48
11101,4,238.61
11101,5,294.98
11101,6,298.2
11101,7,293.36
11101,8,255.54
11101,9,198.79
11101,10,208.21
11101,11,160.58
11101,12,166.26
11102,1,266.31
11102,2,269.67
11102,3,557.43
11102,4,326.84
11102,5,436.26
11102,6,386.0
11102,7,476.22
11102,8,390.78
11102,9,393.68
11102,10,366.9
11102,11,333.82
11102,12,272.47
11103,1,305.68
11103,2,330.23
11103,3,449.66
11103,4,237.93
11103,5,605.27
11103,6,634.12
11103,7,373.92
11103,8,291.67
11103,9,190.24
11103,10,220.89
11103,11,215.3
11103,12,133.17
11104,1,259.11
11104,2,288.52
11104,3,403.2
11104,4,338.51
11104,5,420.18
11104,6,422.77
11104,7,647.17
11104,8,404.61
11104,9,282.97
11104,10,251.12
11104,11,258.41
11104,12,442.05
11105,1,251.84
11105,2,188.19
11105,3,470.49
11105,4,350.94
11105,5,448.21
11105,6,443.5
11105,7,540.8
11105,8,502.19
11105,9,300.88
11105,10,275.93
11105,11,303.72
11105,12,153.71
11106,1,207.5
11106,2,190.66
11106,3,183.07
11106,4,261.0
11106,5,288.05
11106,6,423.2
11106,7,329.88
11106,8,290.77
11106,9,380.61
11106,10,288.31
11106,11,288.21
11106,12,162.86
11109,1,25.38
11109,2,83.81
11109,3,7.0
11109,4,342.33
11109,5,175.56
11109,6,81.98
11109,7,93.08
11109,8,196.09
11109,9,38.05
11109,10,77.36
11109,11,290.9
11109,12,212.18
11201,1,239.92
11201,2,242.05
11201,3,341.89
11201,4,570.31
11201,5,510.34
11201,6,544.19
11201,7,572.0
11201,8,310.59
11201,9,275.08
11201,10,206.44
11201,11,202.62
11201,12,153.86
11203,1,354.91
11203,2,274.16
11203,3,432.45
11203,4,331.46
11203,5,486.61
11203,6,407.73
11203,7,372.4
11203,8,327.05
11203,9,238.18
11203,10,204.39
11203,11,228.37
11203,12,207.55
11204,1,221.73
11204,2,547.06
11204,3,243.09
11204,4,442.21
11204,5,412.12
11204,6,512.52
11204,7,573.79
11204,8,360.53
11204,9,314.79
11204,10,220.13
11204,11,215.11
11204,12,186.41
11205,1,200.0
11205,2,223.86
11205,3,240.43
11205,4,295.96
11205,5,260.79
11205,6,239.23
11205,7,360.2
11205,8,227.25
11205,9,155.49
11205,10,181.14
11205,11,155.64
11205,12,138.62
11206,1,491.84
11206,2,304.4
11206,3,321.93
11206,4,358.78
11206,5,440.75
11206,6,378.22
11206,7,313.23
11206,8,297.45
11206,9,244.46
11206,10,274.52
11206,11,249.01
11206,12,267.64
11207,1,309.79
11207,2,329.53
11207,3,299.95
11207,4,357.45
11207,5,357.28
11207,6,334.3
11207,7,329.0
11207,8,261.61
11207,9,205.17
11207,10,207.01
11207,11,285.54
11207,12,245.7
11208,1,293.38
11208,2,254.84
11208,3,250.3
11208,4,291.75
11208,5,250.11
11208,6,367.18
11208,7,258.95
11208,8,234.82
11208,9,187.8
11208,10,221.36
11208,11,199.47
11208,12,153.25
11209,1,323.39
11209,2,295.36
11209,3,262.8
11209,4,316.35
11209,5,427.06
11209,6,448.72
11209,7,362.92
11209,8,393.49
11209,9,272.4
11209,10,184.98
11209,11,213.89
11209,12,186.08
11210,1,398.83
11210,2,313.5
11210,3,300.63
11210,4,303.72
11210,5,459.23
11210,6,634.88
11210,7,420.12
11210,8,367.8
11210,9,275.17
11210,10,242.02
11210,11,244.49
11210,12,244.24
11211,1,508.1
11211,2,446.79
11211,3,492.8
11211,4,566.15
11211,5,483.92
11211,6,516.63
11211,7,402.99
11211,8,371.32
11211,9,334.57
11211,10,272.28
11211,11,318.4
11211,12,275.14
11212,1,337.8
11212,2,304.57
11212,3,298.07
11212,4,660.15
11212,5,432.94
11212,6,649.16
11212,7,368.37
11212,8,249.88
11212,9,177.83
11212,10,262.53
11212,11,261.24
11212,12,251.4
11213,1,289.51
11213,2,288.42
11213,3,227.31
11213,4,271.76
11213,5,358.45
11213,6,329.89
11213,7,316.1
11213,8,280.04
11213,9,244.11
11213,10,184.62
11213,11,235.57
11213,12,228.08
11214,1,237.47
11214,2,226.68
11214,3,233.72
11214,4,274.67
11214,5,682.06
11214,6,366.68
11214,7,319.38
11214,8,282.71
11214,9,184.74
11214,10,191.5
11214,11,155.47
11214,12,169.7
11215,1,337.75
11215,2,282.77
11215,3,366.01
11215,4,470.44
11215,5,460.22
11215,6,661.74
11215,7,848.08
11215,8,417.71
11215,9,338.61
11215,10,293.03
11215,11,475.84
11215,12,212.14
11216,1,374.81
11216,2,373.59
11216,3,404.23
11216,4,488.01
11216,5,570.66
11216,6,508.33
11216,7,399.1
11216,8,266.36
11216,9,232.62
11216,10,399.83
11216,11,278.98
11216,12,282.96
11217,1,341.89
11217,2,242.08
11217,3,354.85
11217,4,279.61
11217,5,388.91
11217,6,423.07
11217,7,450.95
11217,8,329.25
11217,9,256.75
11217,10,207.29
11217,11,190.84
11217,12,160.2
11218,1,260.74
11218,2,218.73
11218,3,514.26
11218,4,822.28
11218,5,449.09
11218,6,505.85
11218,7,395.36
11218,8,380.75
11218,9,266.84
11218,10,233.62
11218,11,422.19
11218,12,143.02
11219,1,301.97
11219,2,227.37
11219,3,272.73
11219,4,320.06
11219,5,419.87
11219,6,397.76
11219,7,418.52
11219,8,332.33
11219,9,238.3
11219,10,196.25
11219,11,213.4
11219,12,210.67
11220,1,286.91
11220,2,279.95
11220,3,346.04
11220,4,376.22
11220,5,348.84
11220,6,545.12
11220,7,403.08
11220,8,347.67
11220,9,278.02
11220,10,195.56
11220,11,253.2
11220,12,207.95
11221,1,462.25
11221,2,363.22
11221,3,385.02
11221,4,413.97
11221,5,500.15
11221,6,402.28
11221,7,310.96
11221,8,286.65
11221,9,216.09
11221,10,186.26
11221,11,270.51
11221,12,324.91
11222,1,437.18
11222,2,276.83
11222,3,346.86
11222,4,367.28
11222,5,384.08
11222,6,438.02
11222,7,407.81
11222,8,291.94
11222,9,199.76
11222,10,215.98
11222,11,220.49
11222,12,206.17
11223,1,206.77
11223,2,388.99
11223,3,308.42
11223,4,363.43
11223,5,259.21
11223,6,393.13
11223,7,313.65
11223,8,353.54
11223,9,253.04
11223,10,202.49
11223,11,177.16
11223,12,151.6
11224,1,221.36
11224,2,275.07
11224,3,220.43
11224,4,222.93
11224,5,295.09
11224,6,283.86
11224,7,245.4
11224,8,193.95
11224,9,135.41
11224,10,154.81
11224,11,155.78
11224,12,173.31
11225,1,277.25
11225,2,261.14
11225,3,255.35
11225,4,321.22
11225,5,357.53
11225,6,313.8
11225,7,363.27
11225,8,283.6
11225,9,203.21
11225,10,188.79
11225,11,193.76
11225,12,205.56
11226,1,303.99
11226,2,279.47
11226,3,256.67
11226,4,343.34
11226,5,288.7
11226,6,342.98
11226,7,322.3
11226,8,240.09
11226,9,196.56
11226,10,185.19
11226,11,204.89
11226,12,239.6
11228,1,304.32
11228,2,233.82
11228,3,231.74
11228,4,427.99
11228,5,459.05
11228,6,627.27
11228,7,429.91
11228,8,401.35
11228,9,320.59
11228,10,453.25
11228,11,210.23
11228,12,179.23
11229,1,500.56
11229,2,273.95
11229,3,399.96
11229,4,898.21
11229,5,566.2
11229,6,463.12
11229,7,683.44
11229,8,383.63
11229,9,556.23
11229,10,231.48
11229,11,209.57
11229,12,139.25
11230,1,199.52
11230,2,235.7
11230,3,292.53
11230,4,425.88
11230,5,434.75
11230,6,568.31
11230,7,461.27
11230,8,351.62
11230,9,254.98
11230,10,186.05
11230,11,200.97
11230,12,194.63
11231,1,241.12
11231,2,271.18
11231,3,291.65
11231,4,321.69
11231,5,379.31
11231,6,243.44
11231,7,318.98
11231,8,360.76
11231,9,334.89
11231,10,264.93
11231,11,168.2
11231,12,117.41
11232,1,276.39
11232,2,226.38
11232,3,160.24
11232,4,234.22
11232,5,277.7
11232,6,335.03
11232,7,281.55
11232,8,214.1
11232,9,110.99
11232,10,160.67
11232,11,185.4
11232,12,172.44
11233,1,341.93
11233,2,302.92
11233,3,386.88
11233,4,384.33
11233,5,501.04
11233,6,410.24
11233,7,342.75
11233,8,258.48
11233,9,224.33
11233,10,223.27
11233,11,265.79
11233,12,263.0
11234,1,290.86
11234,2,198.12
11234,3,341.23
11234,4,374.04
11234,5,556.72
11234,6,699.59
11234,7,415.91
11234,8,401.16
11234,9,212.13
11234,10,241.8
11234,11,256.09
11234,12,182.23
11235,1,346.62
11235,2,349.95
11235,3,513.52
11235,4,367.79
11235,5,385.09
11235,6,454.11
11235,7,542.96
11235,8,260.93
11235,9,176.73
11235,10,194.81
11235,11,181.75
11235,12,145.63
11236,1,321.41
11236,2,225.12
11236,3,232.77
11236,4,317.41
11236,5,390.34
11236,6,376.61
11236,7,344.51
11236,8,284.47
11236,9,181.38
11236,10,166.88
11236,11,147.06
11236,12,144.62
11237,1,460.16
11237,2,281.32
11237,3,305.32
11237,4,324.77
11237,5,296.24
11237,6,314.76
11237,7,382.41
11237,8,226.85
11237,9,212.74
11237,10,185.03
11237,11,242.44
11237,12,280.25
11238,1,334.56
11238,2,389.86
11238,3,375.76
11238,4,373.23
11238,5,440.68
11238,6,406.0
11238,7,447.63
11238,8,304.94
11238,9,226.43
11238,10,303.69
11238,11,385.8
11238,12,335.17
11239,1,56.08
11239,2,40.15
11239,3,44.13
11239,4,48.76
11239,5,58.35
11239,6,57.14
11239,7,32.7
11239,8,49.62
11239,9,36.72
11239,10,39.09
11239,11,43.22
11239,12,47.24
11241,1,2.33
11241,2,743.95
11241,3,154.78
11241,4,1368.72
11241,5,2502.37
11241,6,0.8
11241,8,3.43
11241,9,8.66
11241,10,2.77
11241,11,729.7
11242,1,4720.69
11242,3,8.94
11242,4,0.67
11242,5,497.11
11242,6,6.06
11242,7,18.44
11242,8,1.52
11242,10,211.68
11242,12,97.35
11249,1,460.27
11249,2,528.11
11249,3,435.47
11249,4,469.77
11249,5,499.43
11249,6,456.78
11249,7,429.31
11249,8,383.06
11249,9,458.44
11249,10,272.18
11249,11,344.97
11249,12,238.76
11251,1,46.25
11251,2,5.21
11251,3,0.39
11251,4,2.68
11251,5,0.74
11251,6,46.65
11251,7,3.12
11251,10,1.68
11251,11,53.97
11354,1,389.92
11354,2,321.27
11354,3,255.57
11354,4,364.37
11354,5,415.62
11354,6,265.23
11354,7,339.88
11354,8,283.99
11354,9,320.68
11354,10,286.26
11354,11,230.77
11354,12,210.52
11355,1,272.06
11355,2,229.29
11355,3,228.6
11355,4,320.64
11355,5,358.7
11355,6,387.34
11355,7,351.44
11355,8,303.75
11355,9,309.72
11355,10,241.37
11355,11,243.79
11355,12,282.04
11356,1,148.31
11356,2,166.21
11356,3,135.36
11356,4,226.07
11356,5,270.98
11356,6,282.88
11356,7,382.58
11356,8,213.86
11356,9,181.18
11356,10,133.34
11356,11,117.41
11356,12,205.46
11357,1,434.0
11357,2,363.07
11357,3,290.38
11357,4,521.85
11357,5,394.61
11357,6,549.9
11357,7,503.46
11357,8,398.85
11357,9,284.73
11357,10,218.92
11357,11,250.87
11357,12,133.98
11358,1,293.24
11358,2,322.54
11358,3,288.75
11358,4,498.36
11358,5,496.78
11358,6,590.4
11358,7,666.14
11358,8,492.12
11358,9,328.29
11358,10,265.91
11358,11,295.35
11358,12,209.29
11359,1,2.37
11359,2,9.54
11359,3,0.41
11359,4,0.74
11359,5,179.12
11359,6,53.9
11359,7,135.05
11359,8,589.6
11359,9,44.04
11359,10,144.06
11359,11,22.04
11359,12,94.19
11360,1,88.5
11360,2,227.2
11360,3,313.97
11360,4,354.33
11360,5,305.85
11360,6,427.83
11360,7,502.42
11360,8,426.86
11360,9,256.34
11360,10,244.17
11360,11,228.66
11360,12,114.03
11361,1,327.89
11361,2,331.85
11361,3,439.05
11361,4,216.95
11361,5,382.93
11361,6,601.67
11361,7,515.56
11361,8,315.0
11361,9,281.21
11361,10,332.81
11361,11,195.59
11361,12,208.42
11362,1,430.63
11362,2,368.91
11362,3,242.7
11362,4,349.05
11362,5,699.25
11362,6,462.55
11362,7,809.86
11362,8,560.69
11362,9,454.39
11362,10,295.52
11362,11,212.32
11362,12,190.81
11363,1,512.57
11363,2,130.01
11363,3,296.38
11363,4,831.52
11363,5,774.06
11363,6,486.2
11363,7,392.44
11363,8,436.88
11363,9,748.38
11363,10,378.72
11363,11,222.97
11363,12,210.41
11364,1,577.21
11364,2,315.48
11364,3,332.79
11364,4,454.9
11364,5,354.93
11364,6,513.66
11364,7,586.42
11364,8,434.63
11364,9,340.29
11364,10,199.99
11364,11,211.17
11364,12,199.26
11365,1,259.36
11365,2,193.01
11365,3,216.56
11365,4,303.75
11365,5,392.18
11365,6,646.85
11365,7,380.72
11365,8,388.4
11365,9,348.36
11365,10,284.3
11365,11,196.86
11365,12,156.82
11366,1,56.58
11366,2,44.77
11366,3,104.72
11366,4,102.72
11366,5,231.22
11366,6,136.08
11366,7,136.87
11366,8,169.96
11366,9,116.83
11366,10,97.62
11366,11,142.18
11366,12,49.05
11367,1,229.83
11367,2,249.44
11367,3,224.38
11367,4,219.51
11367,5,325.71
11367,6,501.02
11367,7,430.79
11367,8,419.69
11367,9,285.55
11367,10,498.49
11367,11,246.79
11367,12,250.78
11368,1,176.21
11368,2,196.52
11368,3,183.09
11368,4,176.56
11368,5,198.62
11368,6,217.87
11368,7,191.02
11368,8,185.97
11368,9,156.02
11368,10,138.74
11368,11,206.36
11368,12,183.01
11369,1,330.46
11369,2,294.19
11369,3,255.88
11369,4,319.65
11369,5,369.54
11369,6,440.74
11369,7,384.3
11369,8,317.61
11369,9,246.58
11369,10,252.28
11369,11,263.09
11369,12,257.16
11370,1,394.94
11370,2,204.63
11370,3,305.62
11370,4,219.11
11370,5,363.55
11370,6,322.85
11370,7,345.63
11370,8,297.65
11370,9,287.5
11370,10,251.18
11370,11,248.74
11370,12,161.71
11371,2,409.12
11371,3,1011.77
11371,4,1633.06
11371,5,1315.97
11371,6,24.73
11371,7,983.72
11371,8,322.86
11371,9,24.88
11371,10,1339.58
11371,11,1011.24
11372,1,282.78
11372,2,227.55
11372,3,282.29
11372,4,373.79
11372,5,355.81
11372,6,441.01
11372,7,302.35
11372,8,218.19
11372,9,263.5
11372,10,191.58
11372,11,193.8
11372,12,157.67
11373,1,248.6
11373,2,183.37
11373,3,169.0
11373,4,250.27
11373,5,244.8
11373,6,314.5
11373,7,270.86
11373,8,195.66
11373,9,177.15
11373,10,200.48
11373,11,222.01
11373,12,218.25
11374,1,183.92
11374,2,155.15
11374,3,192.49
11374,4,216.85
11374,5,235.06
11374,6,453.53
11374,7,473.66
11374,8,258.73
11374,9,237.56
11374,10,141.44
11374,11,139.73
11374,12,199.86
11375,1,285.67
11375,2,162.11
11375,3,276.41
11375,4,458.43
11375,5,504.02
11375,6,458.71
11375,7,407.7
11375,8,280.41
11375,9,172.27
11375,10,183.4
11375,11,218.46
11375,12,125.95
11377,1,177.12
11377,2,183.69
11377,3,161.16
11377,4,244.33
11377,5,230.91
11377,6,289.56
11377,7,276.28
11377,8,249.38
11377,9,189.07
11377,10,210.94
11377,11,159.47
11377,12,165.73
11378,1,207.47
11378,2,141.77
11378,3,191.74
11378,4,178.84
11378,5,167.87
11378,6,193.98
11378,7,216.34
11378,8,169.45
11378,9,155.24
11378,10,166.47
11378,11,169.53
11378,12,97.09
11379,1,332.27
11379,2,357.07
11379,3,414.68
11379,4,411.5
11379,5,546.46
11379,6,593.17
11379,7,365.17
11379,8,442.14
11379,9,285.09
11379,10,244.98
11379,11,232.67
11379,12,133.7
11385,1,256.79
11385,2,234.77
11385,3,266.9
11385,4,375.31
11385,5,382.01
11385,6,416.61
11385,7,438.64
11385,8,334.53
11385,9,314.04
11385,10,376.39
11385,11,192.82
11385,12,186.25
11411,1,312.67
11411,2,225.82
11411,3,256.73
11411,4,283.61
11411,5,384.92
11411,6,686.11
11411,7,444.7
11411,8,477.87
11411,9,290.21
11411,10,260.28
11411,11,193.72
11411,12,193.38
11412,1,326.9
11412,2,236.63
11412,3,257.56
11412,4,296.23
11412,5,411.76
11412,6,507.35
11412,7,311.08
11412,8,282.27
11412,9,248.24
11412,10,250.59
11412,11,317.03
11412,12,208.43
11413,1,204.98
11413,2,282.74
11413,3,333.36
11413,4,482.68
11413,5,539.18
11413,6,412.99
11413,7,546.15
11413,8,351.34
11413,9,327.3
11413,10,296.16
11413,11,258.86
11413,12,224.67
11414,1,486.23
11414,2,603.97
11414,3,349.22
11414,4,639.95
11414,5,639.12
11414,6,601.45
11414,7,408.87
11414,8,655.24
11414,9,546.13
11414,10,1219.67
11414,11,2244.1
11414,12,1979.72
11415,1,282.66
11415,2,248.46
11415,3,278.46
11415,4,337.82
11415,5,583.45
11415,6,418.43
11415,7,432.51
11415,8,321.52
11415,9,316.97
11415,10,224.4
11415,11,336.1
11415,12,319.52
11416,1,252.28
11416,2,248.93
11416,3,284.33
11416,4,238.42
11416,5,280.33
11416,6,265.75
11416,7,272.55
11416,8,273.38
11416,9,222.65
11416,10,400.75
11416,11,259.55
11416,12,129.48
11417,1,188.66
11417,2,235.4
11417,3,301.45
11417,4,371.18
11417,5,317.65
11417,6,328.19
11417,7,354.58
11417,8,286.38
11417,9,233.95
11417,10,313.18
11417,11,771.46
11417,12,304.2
11418,1,211.81
11418,2,185.44
11418,3,306.92
11418,4,282.24
11418,5,363.18
11418,6,251.65
11418,7,308.79
11418,8,234.26
11418,9,167.7
11418,10,176.13
11418,11,326.18
11418,12,181.55
11419,1,265.58
11419,2,406.05
11419,3,295.35
11419,4,738.34
11419,5,572.86
11419,6,419.95
11419,7,561.0
11419,8,382.95
11419,9,422.78
11419,10,759.23
11419,11,803.26
11419,12,947.19
11420,1,309.19
11420,2,283.69
11420,3,354.61
11420,4,440.97
11420,5,368.67
11420,6,371.47
11420,7,426.95
11420,8,320.17
11420,9,262.72
11420,10,550.5
11420,11,419.79
11420,12,256.26
11421,1,103.43
11421,2,156.94
11421,3,101.1
11421,4,158.45
11421,5,192.61
11421,6,170.81
11421,7,169.4
11421,8,227.23
11421,9,162.49
11421,10,154.16
11421,11,156.23
11421,12,95.97
11422,1,322.03
11422,2,318.49
11422,3,278.67
11422,4,435.46
11422,5,390.11
11422,6,605.73
11422,7,561.22
11422,8,473.27
11422,9,323.92
11422,10,203.24
11422,11,269.91
11422,12,241.36
11423,1,288.13
11423,2,267.79
11423,3,229.29
11423,4,302.19
11423,5,430.18
11423,6,408.37
11423,7,373.7
11423,8,358.48
11423,9,274.72
11423,10,225.95
11423,11,309.15
11423,12,239.9
11426,1,501.14
11426,2,523.51
11426,3,573.84
11426,4,464.41
11426,5,526.33
11426,6,675.98
11426,7,858.23
11426,8,740.19
11426,9,422.72
11426,10,335.64
11426,11,306.89
11426,12,151.15
11427,1,277.98
11427,2,258.74
11427,3,244.23
11427,4,374.67
11427,5,571.26
11427,6,253.45
11427,7,514.0
11427,8,473.91
11427,9,376.15
11427,10,342.09
11427,11,218.68
11427,12,151.18
11428,1,411.96
11428,2,339.64
11428,3,227.96
11428,4,215.92
11428,5,270.27
11428,6,336.11
11428,7,885.77
11428,8,326.38
11428,9,297.51
11428,10,307.5
11428,11,292.26
11428,12,300.5
11429,1,232.1
11429,2,270.23
11429,3,180.15
11429,4,261.94
11429,5,422.16
11429,6,394.55
11429,7,446.52
11429,8,402.66
11429,9,345.91
11429,10,349.7
11429,11,309.95
11429,12,445.79
11430,1,1659.18
11430,2,1402.49
11430,3,1546.28
11430,4,1889.62
11430,5,1875.16
11430,6,1941.36
11430,7,1774.73
11430,8,1461.12
11430,9,878.4
11430,10,903.39
11430,11,1078.19
11430,12,1527.33
11432,1,312.02
11432,2,239.72
11432,3,273.48
11432,4,273.92
11432,5,288.7
11432,6,241.19
11432,7,188.32
11432,8,212.62
11432,9,163.07
11432,10,185.36
11432,11,204.22
11432,12,151.69
11433,1,198.46
11433,2,164.9
11433,3,161.29
11433,4,215.31
11433,5,305.36
11433,6,500.83
11433,7,332.05
11433,8,305.25
11433,9,183.57
11433,10,155.57
11433,11,217.47
11433,12,280.88
11434,1,345.31
11434,2,263.51
11434,3,212.53
11434,4,324.1
11434,5,381.83
11434,6,413.37
11434,7,305.96
11434,8,298.99
11434,9,245.11
11434,10,244.17
11434,11,284.46
11434,12,224.26
11435,1,180.92
11435,2,236.1
11435,3,185.21
11435,4,185.44
11435,5,315.96
11435,6,369.15
11435,7,279.51
11435,8,268.56
11435,9,160.97
11435,10,223.1
11435,11,248.85
11435,12,177.01
11436,1,256.48
11436,2,151.16
11436,3,174.07
11436,4,285.2
11436,5,369.21
11436,6,402.69
11436,7,253.1
11436,8,359.95
11436,9,181.58
11436,10,219.03
11436,11,194.42
11436,12,151.99
11501,12,737.2
11520,5,734.02
11542,8,738.29
11550,10,168.41
11552,11,734.1
11553,2,783.89
11561,2,913.93
11561,8,50.11
11572,2,2039.51
11572,3,752.32
11575,3,93.93
11576,11,122.17
11577,11,139.99
11580,9,734.86
11581,5,779.52
11590,3,730.87
11590,8,308.68
11590,9,737.1
11691,1,314.56
11691,2,292.72
11691,3,302.43
11691,4,273.61
11691,5,324.82
11691,6,367.29
11691,7,355.31
11691,8,234.44
11691,9,225.71
11691,10,238.79
11691,11,235.07
11691,12,253.25
11692,1,202.2
11692,2,246.81
11692,3,285.3
11692,4,312.26
11692,5,288.89
11692,6,297.4
11692,7,295.16
11692,8,322.07
11692,9,154.79
11692,10,219.25
11692,11,304.05
11692,12,349.05
11693,1,324.61
11693,2,276.6
11693,3,179.8
11693,4,283.65
11693,5,188.27
11693,6,251.58
11693,7,288.14
11693,8,197.95
11693,9,327.41
11693,10,168.85
11693,11,217.82
11693,12,299.83
11694,1,313.39
11694,2,238.34
11694,3,415.89
11694,4,437.56
11694,5,536.08
11694,6,445.65
11694,7,784.26
11694,8,499.07
11694,9,372.43
11694,10,411.6
11694,11,202.07
11694,12,270.78
11695,6,60.16
11695,8,2717.2
11695,11,8.84
11697,1,954.01
11697,2,973.61
11697,3,273.1
11697,4,214.35
11697,5,80.1
11697,6,289.72
11697,7,251.76
11697,8,108.49
11697,9,156.65
11697,10,167.38
11697,11,87.76
11697,12,445.51
11703,4,747.92
11704,10,2185.23
11704,12,728.52
11706,1,731.69
11706,8,758.42
11706,10,728.55
11709,4,782.29
11714,5,735.76
11716,8,781.99
11725,1,22.61
11726,4,15.05
11735,1,734.91
11735,2,732.79
11743,5,693.31
11743,9,96.53
11747,1,22.55
11747,7,789.6
11749,8,38.99
11751,1,71.15
11753,1,755.35
11767,7,786.57
11767,12,42.19
11780,6,734.63
11788,10,38.26
11791,1,762.17
11791,4,111.39
11791,5,377.35
11791,6,382.54
11791,12,734.11
11798,5,0.74
11801,4,782.54
11801,11,733.57
11803,10,3111.35
12065,8,506.03
12345,1,108.96
12345,2,761.05
12345,4,0.0
12345,5,2.49
12345,6,2.7
12345,9,5.62
12345,10,1.31
12345,11,1.86
12345,12,293.96
12528,11,737.87
12747,9,726.64
13850,5,18.06
14215,8,735.86
14221,4,735.39
14580,5,729.0
15212,2,733.67
15212,9,734.6
17110,2,732.24
17110,4,735.46
17110,6,739.6
17111,8,786.21
17606,2,732.46
18508,9,14.99
18508,10,26.59
18642,6,47.7
19013,3,601.53
19013,7,735.61
19034,2,747.4
19034,4,733.4
19034,7,733.43
19082,8,19.04
19428,5,1656.38
28201,8,787.93
29603,9,733.34
33021,5,734.97
33394,2,20.08
33496,1,735.75
33496,11,1413.75
33614,5,731.33
33614,6,732.75
35244,7,726.17
37068,5,1634.78
37072,10,807.04
38153,7,784.86
40031,11,912.69
40202,6,760.89
46250,8,724.98
48125,5,762.97
49204,9,406.36
50613,8,737.2
55343,4,751.87
55433,5,727.96
55439,4,398.73
55439,7,828.41
55439,11,372.45
55439,12,780.36
56377,1,383.84
56377,3,733.47
61265,8,732.29
63045,6,1623.2
63640,3,734.8
72712,12,72.53
75065,8,784.9
75262,11,903.82
76096,4,237.14
77478,2,68.43
77491,7,91.37
77491,12,18.32
84020,10,730.8
84043,7,24.69
84058,6,736.31
84117,1,24.27
84117,5,777.83
84117,7,781.43
85252,5,26.77
89113,8,730.93
89156,6,23.28
90051,12,1032.93
91356,7,733.86
91744,7,756.61
92108,4,783.05
92108,5,733.98
92108,9,731.53
92660,11,733.76
92879,3,78.49
95128,4,21.22
ALL,1,306.68
ALL,2,288.19
ALL,3,309.21
ALL,4,402.32
ALL,5,373.58
ALL,6,367.7
ALL,7,330.83
ALL,8,286.81
ALL,9,219.35
ALL,10,228.23
ALL,11,258.62
ALL,12,248.65
